[
	[
		[
			[
				[
					[
						[
							[
								[
									"Player_Data",
									{
										"fight_id": 1740310301,
										"melee_usage": 7,
										"ranged_usage": 1,
										"heal_usage": 0,
										"damage_dealt": 350,
										"damage_taken": 4,
										"type_of_player": "aggressive",
										"attack_pattern": [
											"melee",
											"melee",
											"melee",
											"melee",
											"melee",
											"melee",
											"range",
											"melee"
										]
									}
								],
								{
									"fight_id": 1740310329,
									"melee_usage": 6,
									"ranged_usage": 3,
									"heal_usage": 0,
									"damage_dealt": 410,
									"damage_taken": 4,
									"type_of_player": "aggressive",
									"attack_pattern": [
										"range",
										"range",
										"range",
										"melee",
										"melee",
										"melee",
										"melee",
										"melee",
										"melee"
									]
								}
							],
							{
								"fight_id": 1740310406,
								"melee_usage": 2,
								"ranged_usage": 1,
								"heal_usage": 1,
								"damage_dealt": 120,
								"damage_taken": 6,
								"type_of_player": "aggressive",
								"attack_pattern": [
									"melee",
									"melee",
									"heal",
									"range"
								]
							}
						],
						{
							"fight_id": 1740310616,
							"melee_usage": 9,
							"ranged_usage": 0,
							"heal_usage": 0,
							"damage_dealt": 400,
							"damage_taken": 4,
							"type_of_player": "aggressive",
							"attack_pattern": [
								"melee",
								"melee",
								"melee",
								"melee",
								"melee",
								"melee",
								"melee",
								"melee",
								"melee"
							],
							"result_of_match": "Player_won"
						}
					],
					{
						"fight_id": 1740310723,
						"melee_usage": 15,
						"ranged_usage": 0,
						"heal_usage": 0,
						"damage_dealt": 500,
						"damage_taken": 3,
						"type_of_player": "aggressive",
						"attack_pattern": [
							"melee",
							"melee",
							"melee",
							"melee",
							"melee",
							"melee",
							"melee",
							"melee",
							"melee",
							"melee",
							"melee",
							"melee",
							"melee",
							"melee",
							"melee"
						],
						"result_of_match": "Player WON"
					}
				],
				{
					"fight_id": 1740310772,
					"melee_usage": 2,
					"ranged_usage": 5,
					"heal_usage": 2,
					"damage_dealt": 200,
					"damage_taken": 8,
					"type_of_player": "aggressive",
					"attack_pattern": [
						"melee",
						"melee",
						"heal",
						"range",
						"range",
						"range",
						"heal",
						"range",
						"range"
					],
					"result_of_match": "Player WON"
				}
			],
			{
				"fight_id": 1740310867,
				"melee_usage": 0,
				"ranged_usage": 0,
				"heal_usage": 0,
				"damage_dealt": 0,
				"damage_taken": 4,
				"type_of_player": "balanced",
				"attack_pattern": [

				],
				"result_of_match": "Boss WON"
			}
		],
		{
			"fight_id": 1740311175,
			"melee_usage": 32,
			"ranged_usage": 3,
			"heal_usage": 1,
			"damage_dealt": 410,
			"damage_taken": 3,
			"type_of_player": "aggressive",
			"attack_pattern": [
				"range",
				"range",
				"melee",
				"melee",
				"melee",
				"melee",
				"melee",
				"melee",
				"melee",
				"melee",
				"melee",
				"melee",
				"melee",
				"melee",
				"melee",
				"melee",
				"heal",
				"melee",
				"melee",
				"melee",
				"melee",
				"melee",
				"melee",
				"melee",
				"melee",
				"melee",
				"melee",
				"melee",
				"melee",
				"melee",
				"melee",
				"melee",
				"melee",
				"melee",
				"range",
				"melee"
			],
			"result_of_match": "Player WON"
		}
	],
	{
		"fight_id": 1740311787,
		"melee_usage": 41,
		"ranged_usage": 5,
		"heal_usage": 1,
		"damage_dealt": 380,
		"damage_taken": 6,
		"type_of_player": "aggressive",
		"attack_pattern": [
			"range",
			"melee",
			"melee",
			"melee",
			"melee",
			"melee",
			"melee",
			"melee",
			"melee",
			"melee",
			"melee",
			"melee",
			"melee",
			"melee",
			"melee",
			"melee",
			"melee",
			"melee",
			"melee",
			"melee",
			"melee",
			"melee",
			"melee",
			"melee",
			"melee",
			"melee",
			"melee",
			"heal",
			"melee",
			"melee",
			"melee",
			"melee",
			"melee",
			"melee",
			"melee",
			"range",
			"melee",
			"melee",
			"melee",
			"melee",
			"melee",
			"melee",
			"melee",
			"melee",
			"range",
			"range",
			"range"
		],
		"result_of_match": "Player WON"
	}
]